Time,Water_Pred,Food_Pred,Poop_Pred
09:38:01,0.9999635815620422,1.0,1.0
09:38:02,0.9999571442604065,1.0,1.0
09:38:03,0.9999555349349976,1.0,1.0
09:38:04,0.9999587535858154,1.0,1.0
09:38:05,0.9999598264694214,1.0,1.0
09:38:06,0.9999574422836304,1.0,1.0
09:38:07,0.9999607801437378,1.0,1.0
09:38:08,0.9999620914459229,1.0,1.0
09:38:10,0.9999619126319885,1.0,1.0
09:38:11,0.999962329864502,1.0,1.0
09:38:12,0.9999639391899109,1.0,1.0
09:38:13,0.9999579787254333,1.0,1.0
09:38:14,0.9999555349349976,1.0,1.0
09:38:15,0.9999606609344482,1.0,1.0
09:38:16,0.9999588131904602,1.0,1.0
09:38:17,0.9999632239341736,1.0,1.0
09:38:18,0.9999603629112244,1.0,1.0
09:38:19,0.999962568283081,1.0,1.0
09:38:20,0.9999620318412781,1.0,1.0
09:38:21,0.9999640583992004,1.0,1.0
09:38:22,0.9999582171440125,1.0,1.0
09:38:23,0.9999594688415527,1.0,1.0
09:38:24,0.9999601244926453,1.0,1.0
09:38:25,0.9999605417251587,1.0,1.0
09:38:26,0.9999629259109497,1.0,1.0
09:38:27,0.9999567866325378,1.0,1.0
09:38:28,0.9999634027481079,1.0,1.0
09:38:29,0.9999629855155945,1.0,1.0
09:38:30,0.9999563097953796,1.0,1.0
09:38:31,0.999962568283081,1.0,1.0
09:38:32,0.999957799911499,1.0,1.0
09:38:33,0.9999623894691467,1.0,1.0
09:38:35,0.9999586343765259,1.0,1.0
09:38:36,0.9999638795852661,1.0,1.0
09:38:37,0.999962568283081,1.0,1.0
09:38:38,0.9999628663063049,1.0,1.0
09:38:39,0.9999616742134094,1.0,1.0
09:38:40,0.9999614357948303,1.0,1.0
09:38:41,0.9999650716781616,1.0,1.0
09:38:42,0.9999645352363586,1.0,1.0
09:38:43,0.9999624490737915,1.0,1.0
09:38:44,0.9999598860740662,1.0,1.0
09:38:45,0.999961793422699,1.0,1.0
09:38:46,0.9999607801437378,1.0,1.0
09:38:47,0.999963641166687,1.0,1.0
09:38:48,0.9999606013298035,1.0,1.0
09:38:49,0.9999637007713318,1.0,1.0
09:38:50,0.9999587535858154,1.0,1.0
09:38:51,0.9999563097953796,1.0,1.0
09:38:52,0.9999592304229736,1.0,1.0